strokeCount;radicalNumber;radicalVariants;radical;encoding;meaning;readingJ;positionJ;variant;common
1;1;;⼀;KANGXI RADICAL ONE Unicode: U+2F00 UTF-8: E2 BC 80;one, horizontal stroke;いち;;FALSE;FALSE
1;2;;⼁;KANGXI RADICAL LINE Unicode: U+2F01 UTF-8: E2 BC 81;vertical stroke;たてぼう;;FALSE;FALSE
1;3;;⼂;KANGXI RADICAL DOT Unicode: U+2F02 UTF-8: E2 BC 82;dot;てん;;FALSE;FALSE
1;4;;⼃;KANGXI RADICAL SLASH Unicode: U+2F03 UTF-8: E2 BC 83;diagonal sweeping stroke;の;;FALSE;FALSE
1;5;乚;⼄;KANGXI RADICAL SECOND Unicode: U+2F04 UTF-8: E2 BC 84;"the second ";おつ;;FALSE;FALSE
1;6;;⼅;KANGXI RADICAL HOOK Unicode: U+2F05 UTF-8: E2 BC 85;vertical stroke with a hook;はねぼう;;FALSE;FALSE
2;7;;⼆;KANGXI RADICAL TWO Unicode: U+2F06 UTF-8: E2 BC 86;two;に;;FALSE;FALSE
2;8;;⼇;KANGXI RADICAL LID Unicode: U+2F07 UTF-8: E2 BC 87;lid, top;なべぶた;かんむり;FALSE;FALSE
2;9;亻;⼈;KANGXI RADICAL MAN Unicode: U+2F08 UTF-8: E2 BC 88;person;ひと;;FALSE;FALSE
2;10;;⼉;KANGXI RADICAL LEGS Unicode: U+2F09 UTF-8: E2 BC 89;human legs;ひとあし;あし;FALSE;FALSE
2;11;;⼊;KANGXI RADICAL ENTER Unicode: U+2F0A UTF-8: E2 BC 8A;to enter;いる;;FALSE;FALSE
2;12;丷;⼋;KANGXI RADICAL EIGHT Unicode: U+2F0B UTF-8: E2 BC 8B;eight;はち;;FALSE;FALSE
2;13;;"⼌ ";KANGXI RADICAL DOWN BOX Unicode: U+2F0C UTF-8: E2 BC 8C;to enclose;けいがまえ;かまえ, けいがまえ;FALSE;FALSE
2;14;;⼍;KANGXI RADICAL COVER Unicode: U+2F0D UTF-8: E2 BC 8D;cover, crown;わかんむり;かんむり;FALSE;FALSE
2;15;;⼎;KANGXI RADICAL ICE Unicode: U+2F0E UTF-8: E2 BC 8E;ice;にすい;へん;FALSE;FALSE
2;16;;⼏;KANGXI RADICAL TABLE Unicode: U+2F0F UTF-8: E2 BC 8F;table;きにょう;つくり;FALSE;FALSE
2;17;;⼐;KANGXI RADICAL OPEN BOX Unicode: U+2F10 UTF-8: E2 BC 90;container, open box;かんにょう;にょう;FALSE;FALSE
2;18;刂;⼑;KANGXI RADICAL KNIFE Unicode: U+2F11 UTF-8: E2 BC 91;knife, sword;かたな;;FALSE;FALSE
2;19;;⼒;KANGXI RADICAL POWER Unicode: U+2F12 UTF-8: E2 BC 92;power;ちから;;FALSE;FALSE
2;20;;⼓;KANGXI RADICAL WRAP Unicode: U+2F13 UTF-8: E2 BC 93;to wrap;つつみがまえ;かまえ, つつみがまえ;FALSE;FALSE
2;21;;⼔;KANGXI RADICAL SPOON Unicode: U+2F14 UTF-8: E2 BC 94;spoon;さじ;つくり;FALSE;FALSE
2;22;;⼕;KANGXI RADICAL RIGHT OPEN BOX Unicode: U+2F15 UTF-8: E2 BC 95;box;はこがまえ;かまえ, はこがまえ;FALSE;FALSE
2;23;;⼖;KANGXI RADICAL HIDING ENCLOSURE Unicode: U+2F16 UTF-8: E2 BC 96;to conceal, hide;かくしがまえ;かまえ, はこがまえ;FALSE;FALSE
2;24;;⼗;KANGXI RADICAL TEN Unicode: U+2F17 UTF-8: E2 BC 97;ten;じゅう;;FALSE;FALSE
2;25;;⼘;KANGXI RADICAL DIVINATION Unicode: U+2F18 UTF-8: E2 BC 98;oracle;ぼく;;FALSE;FALSE
2;26;㔾;⼙;KANGXI RADICAL SEAL Unicode: U+2F19 UTF-8: E2 BC 99;stamp, seal;ふしづくり;つくり;FALSE;FALSE
2;27;;⼚;KANGXI RADICAL CLIFF Unicode: U+2F1A UTF-8: E2 BC 9A;cliff;がんだれ;たれ;FALSE;FALSE
2;28;;⼛;KANGXI RADICAL PRIVATE Unicode: U+2F1B UTF-8: E2 BC 9B;private, Katakana Mu;む;;FALSE;FALSE
2;29;;⼜;KANGXI RADICAL AGAIN Unicode: U+2F1C UTF-8: E2 BC 9C;again, right hand;また;;FALSE;FALSE
3;30;;⼝;KANGXI RADICAL MOUTH Unicode: U+2F1D UTF-8: E2 BC 9D;mouth;くち;;FALSE;FALSE
3;31;;⼞;KANGXI RADICAL ENCLOSURE Unicode: U+2F1E UTF-8: E2 BC 9E;border, territorial boundaries;くにがまえ;かまえ, くにがまえ;FALSE;FALSE
3;32;;⼟;KANGXI RADICAL EARTH Unicode: U+2F1F UTF-8: E2 BC 9F;earth;つち;;FALSE;FALSE
3;33;;⼠;KANGXI RADICAL SCHOLAR Unicode: U+2F20 UTF-8: E2 BC A0;man, scholar, samurai;さむらい;;FALSE;FALSE
3;34;;⼡;KANGXI RADICAL GO Unicode: U+2F21 UTF-8: E2 BC A1;to follow;のまた;;FALSE;FALSE
3;35;;⼢;KANGXI RADICAL GO SLOWLY Unicode: U+2F22 UTF-8: E2 BC A2;to go slowly;なつあし;あし;FALSE;FALSE
3;36;;⼣;KANGXI RADICAL EVENING Unicode: U+2F23 UTF-8: E2 BC A3;evening;ゆうべ;;FALSE;FALSE
3;37;;⼤;KANGXI RADICAL BIG Unicode: U+2F24 UTF-8: E2 BC A4;large, big;だい;;FALSE;FALSE
3;38;;⼥;KANGXI RADICAL WOMAN Unicode: U+2F25 UTF-8: E2 BC A5;woman;おんな;;FALSE;FALSE
3;39;;⼦;KANGXI RADICAL CHILD Unicode: U+2F26 UTF-8: E2 BC A6;child, son;こ;;FALSE;FALSE
3;40;;⼧;KANGXI RADICAL ROOF Unicode: U+2F27 UTF-8: E2 BC A7;roof, house;うかんむり;かんむり;FALSE;FALSE
3;41;;⼨;KANGXI RADICAL INCH Unicode: U+2F28 UTF-8: E2 BC A8;inch, (2.25 cm);すん;;FALSE;FALSE
3;42;⺌、⺍;⼩;KANGXI RADICAL SMALL Unicode: U+2F29 UTF-8: E2 BC A9;small;しょう;;FALSE;FALSE
3;43;尣;⼪;KANGXI RADICAL LAME Unicode: U+2F2A;lame leg;だいのまげあし;つくり;FALSE;FALSE
3;44;;⼫;KANGXI RADICAL CORPSE Unicode: U+2F2B UTF-8: E2 BC AB;corpse, awning;しかばね;たれ;FALSE;FALSE
3;45;;⼬;KANGXI RADICAL SPROUT Unicode: U+2F2C UTF-8: E2 BC AC;sprout;くさのめ;;FALSE;FALSE
3;46;;⼭;KANGXI RADICAL MOUNTAIN Unicode: U+2F2D UTF-8: E2 BC AD;mountain;やま;;FALSE;FALSE
3;47;川;⼮;KANGXI RADICAL RIVER Unicode: U+2F2E UTF-8: E2 BC AE;winding river;まがりがわ;;FALSE;FALSE
3;48;;⼯;KANGXI RADICAL WORK Unicode: U+2F2F UTF-8: E2 BC AF;work, carpenter, skill;たくみ;;FALSE;FALSE
3;49;;⼰;KANGXI RADICAL ONESELF Unicode: U+2F30 UTF-8: E2 BC B0;self;おのれ;;FALSE;FALSE
3;50;;⼱;KANGXI RADICAL TURBAN Unicode: U+2F31 UTF-8: E2 BC B1;cloth;はば;;FALSE;FALSE
3;51;;⼲;KANGXI RADICAL DRY Unicode: U+2F32 UTF-8: E2 BC B2;to dry, shield;かん;;FALSE;FALSE
3;52;么;⼳;KANGXI RADICAL SHORT THREAD Unicode: U+2F33;young, slight;いとがしら;;FALSE;FALSE
3;53;;⼴;KANGXI RADICAL DOTTED CLIFF Unicode: U+2F34 UTF-8: E2 BC B4;slanting roof;まだれ;たれ;FALSE;FALSE
3;54;;⼵;KANGXI RADICAL LONG STRIDE Unicode: U+2F35 UTF-8: E2 BC B5;to move, stretch;えんにょう;にょう;FALSE;FALSE
3;55;;⼶;KANGXI RADICAL TWO HANDS Unicode: U+2F36 UTF-8: E2 BC B6;folded hands;にじゅうあし;あし;FALSE;FALSE
3;56;;⼷;KANGXI RADICAL SHOOT Unicode: U+2F37 UTF-8: E2 BC B7;javelin;いぐるみ;;FALSE;FALSE
3;57;;⼸;KANGXI RADICAL BOW Unicode: U+2F38 UTF-8: E2 BC B8;bow （in archery）;ゆみ;;FALSE;FALSE
3;58;彑;⼹;KANGXI RADICAL SNOUT Unicode: U+2F39 UTF-8: E2 BC B9;pig’s head;けいがしら;;FALSE;FALSE
3;59;;⼺;KANGXI RADICAL BRISTLE Unicode: U+2F3A UTF-8: E2 BC BA;hair-style, light rays;さんづくり;つくり;FALSE;FALSE
3;60;;⼻;KANGXI RADICAL STEP Unicode: U+2F3B UTF-8: E2 BC BB;step, stride, street, to go;ぎょうにんべん;へん;FALSE;FALSE
3;61;;⺖;CJK RADICAL HEART ONE Unicode: U+2E96 UTF-8: E2 BA 96;heart, mind, spirit;りっしんべん;へん;TRUE;TRUE
3;64;;⺘;CJK RADICAL HAND Unicode: U+2E98 UTF-8: E2 BA 98;hand;てへん;へん;TRUE;FALSE
3;85;;⺡;CJK RADICAL WATER ONE Unicode: U+2EA1 UTF-8: E2 BA A1;water;さんずい;へん;TRUE;TRUE
3;94;;⺨;CJK RADICAL DOG Unicode: U+2EA8 UTF-8: E2 BA A8;beast;けものへん;へん;TRUE;FALSE
3;140;;⺾;CJK RADICAL GRASS ONE Unicode: U+2EBE UTF-8: E2 BA BE;grass;くさかんむり;かんむり;TRUE;TRUE
3;162;;⻌;CJK RADICAL SIMPLIFIED WALK Unicode: U+2ECC UTF-8: E2 BB 8C;road, walk, to advance;しんにょう;にょう;TRUE;FALSE
3;163;;⻏;CJK RADICAL CITY Unicode: U+2ECF UTF-8: E2 BB 8F;village, country, city;おおざと;つくり;TRUE;FALSE
3;170;;⻖;CJK RADICAL MOUND TWO Unicode: U+2ED6 UTF-8: E2 BB 96;hill, mound;こざとへん;へん;TRUE;FALSE
4;61;忄、⺗;⼼;KANGXI RADICAL HEART Unicode: U+2F3C UTF-8: E2 BC BC;heart, mind, spirit;こころ;;FALSE;TRUE
4;62;;⼽;KANGXI RADICAL HALBERD Unicode: U+2F3D UTF-8: E2 BC BD;spear, weapon;ほこ;;FALSE;FALSE
4;63;戸;⼾;KANGXI RADICAL DOOR Unicode: U+2F3E UTF-8: E2 BC BE;door;と;;FALSE;FALSE
4;64;扌、龵;⼿;KANGXI RADICAL HAND Unicode: U+2F3F UTF-8: E2 BC BF;hand;て;;FALSE;FALSE
4;65;;⽀;KANGXI RADICAL BRANCH Unicode: U+2F40 UTF-8: E2 BD 80;branch;しにょう;;FALSE;FALSE
4;66;攵;⽁;KANGXI RADICAL RAP Unicode: U+2F41 UTF-8: E2 BD 81;activity, to strike, hit;ぼくづくり;つくり;FALSE;FALSE
4;67;;⽂;KANGXI RADICAL SCRIPT Unicode: U+2F42 UTF-8: E2 BD 82;literature, letters;ぶん;;FALSE;FALSE
4;68;;⽃;KANGXI RADICAL DIPPER Unicode: U+2F43 UTF-8: E2 BD 83;big dipper, ladle, 18 liters;ますづくり;つくり;FALSE;FALSE
4;69;;⽄;KANGXI RADICAL AXE Unicode: U+2F44 UTF-8: E2 BD 84;axe;おのづくり;つくり;FALSE;FALSE
4;70;;⽅;KANGXI RADICAL SQUARE Unicode: U+2F45 UTF-8: E2 BD 85;direction, flag;ほう;;FALSE;FALSE
4;71;旡;⽆;KANGXI RADICAL NOT Unicode: U+2F46 UTF-8: E2 BD 86;not;むにょう;;FALSE;FALSE
4;72;;⽇;KANGXI RADICAL SUN Unicode: U+2F47 UTF-8: E2 BD 87;sun, day, time;ひ;;FALSE;FALSE
4;73;;⽈;KANGXI RADICAL SAY Unicode: U+2F48 UTF-8: E2 BD 88;to say;ひらび;;FALSE;FALSE
4;74;;⽉;KANGXI RADICAL MOON Unicode: U+2F49 UTF-8: E2 BD 89;moon, month, period;つき;;FALSE;FALSE
4;75;;⽊;KANGXI RADICAL TREE Unicode: U+2F4A UTF-8: E2 BD 8A;tree, wood;き;;FALSE;TRUE
4;76;;⽋;KANGXI RADICAL LACK Unicode: U+2F4B UTF-8: E2 BD 8B;to lack, yawn;あくび;;FALSE;FALSE
4;77;;⽌;KANGXI RADICAL STOP Unicode: U+2F4C UTF-8: E2 BD 8C;to stop;とめる;;FALSE;FALSE
4;78;歺;⽍;KANGXI RADICAL DEATH Unicode: U+2F4D UTF-8: E2 BD 8D;death & dying, to decompose;がつ;;FALSE;FALSE
4;79;;⽎;KANGXI RADICAL WEAPON Unicode: U+2F4E UTF-8: E2 BD 8E;lance shaft, action;るまた;つくり;FALSE;FALSE
4;80;母;⽏;KANGXI RADICAL DO NOT Unicode: U+2F4F UTF-8: E2 BD 8F;not, mother;なかれ;;FALSE;FALSE
4;81;;⽐;KANGXI RADICAL COMPARE Unicode: U+2F50 UTF-8: E2 BD 90;to compare;くらべる;;FALSE;FALSE
4;82;;⽑;KANGXI RADICAL FUR Unicode: U+2F51 UTF-8: E2 BD 91;hair;け;;FALSE;FALSE
4;83;;⽒;KANGXI RADICAL CLAN Unicode: U+2F52 UTF-8: E2 BD 92;family, clan;うじ;;FALSE;FALSE
4;84;;⽓;KANGXI RADICAL STEAM Unicode: U+2F53 UTF-8: E2 BD 93;steam, air;きがまえ;かまえ, きがまえ;FALSE;FALSE
4;85;氵、氺;⽔;KANGXI RADICAL WATER Unicode: U+2F54 UTF-8: E2 BD 94;water;みず;;FALSE;TRUE
4;86;灬;⽕;KANGXI RADICAL FIRE Unicode: U+2F55 UTF-8: E2 BD 95;fire;ひ;;FALSE;TRUE
4;87;爫;⽖;KANGXI RADICAL CLAW Unicode: U+2F56 UTF-8: E2 BD 96;claw, nail;つめ;;FALSE;FALSE
4;88;;⽗;KANGXI RADICAL FATHER Unicode: U+2F57 UTF-8: E2 BD 97;father;ちち;;FALSE;FALSE
4;89;;⽘;KANGXI RADICAL DOUBLE X Unicode: U+2F58 UTF-8: E2 BD 98;to mix;こう;;FALSE;FALSE
4;90;丬;⽙;KANGXI RADICAL HALF TREE TRUNK Unicode: U+2F59 UTF-8: E2 BD 99;split wood;しょうへん;へん;FALSE;FALSE
4;91;;⽚;KANGXI RADICAL SLICE Unicode: U+2F5A UTF-8: E2 BD 9A;split wood;かた;;FALSE;FALSE
4;92;;⽛;KANGXI RADICAL FANG Unicode: U+2F5B;fang, canine tooth;きば;;FALSE;FALSE
4;93;牜、⺧;⽜;KANGXI RADICAL COW Unicode: U+2F5C UTF-8: E2 BD 9C;cow;うし;;FALSE;FALSE
4;94;犭;⽝;KANGXI RADICAL DOG Unicode: U+2F5D UTF-8: E2 BD 9D;dog;いぬ;;FALSE;FALSE
4;61;;⺗;CJK RADICAL HEART TWO Unicode: U+2E97 UTF-8: E2 BA 97;heart, mind, spirit;したごころ;あし;TRUE;TRUE
4;86;;⺣;CJK RADICAL FIRE Unicode: U+2EA3 UTF-8: E2 BA A3;fire;れっか;あし;TRUE;TRUE
5;95;玄;⽞;KANGXI RADICAL PROFOUND Unicode: U+2F5E UTF-8: E2 BD 9E;darkness;げん;;FALSE;FALSE
5;96;王、玊;⽟;KANGXI RADICAL JADE Unicode: U+2F5F UTF-8: E2 BD 9F;jewelry;たま;;FALSE;FALSE
5;97;;⽠;KANGXI RADICAL MELON Unicode: U+2F60 UTF-8: E2 BD A0;melon;うり;;FALSE;FALSE
5;98;;⽡;KANGXI RADICAL TILE Unicode: U+2F61 UTF-8: E2 BD A1;tile;かわら;;FALSE;FALSE
5;99;;⽢;KANGXI RADICAL SWEET Unicode: U+2F62 UTF-8: E2 BD A2;sweet;あまい;;FALSE;FALSE
5;100;;⽣;KANGXI RADICAL LIFE Unicode: U+2F63 UTF-8: E2 BD A3;birth, to be born, live;うまれる;;FALSE;FALSE
5;101;;⽤;KANGXI RADICAL USE Unicode: U+2F64 UTF-8: E2 BD A4;to use;もちいる;;FALSE;FALSE
5;102;;⽥;KANGXI RADICAL FIELD Unicode: U+2F65 UTF-8: E2 BD A5;rice paddy;た;;FALSE;FALSE
5;103;⺪;⽦;KANGXI RADICAL BOLT OF CLOTH Unicode: U+2F66 UTF-8: E2 BD A6;bolt of cloth;ひき;;FALSE;FALSE
5;104;;⽧;KANGXI RADICAL SICKNESS Unicode: U+2F67 UTF-8: E2 BD A7;sickness;やまいだれ;たれ;FALSE;FALSE
5;105;;⽨;KANGXI RADICAL DOTTED TENT Unicode: U+2F68 UTF-8: E2 BD A8;outspread legs, departure;はつがしら;かんむり;FALSE;FALSE
5;106;;⽩;KANGXI RADICAL WHITE Unicode: U+2F69 UTF-8: E2 BD A9;white;しろ;;FALSE;FALSE
5;107;;⽪;KANGXI RADICAL SKIN Unicode: U+2F6A UTF-8: E2 BD AA;skin, hide;けがわ;;FALSE;FALSE
5;108;;⽫;KANGXI RADICAL DISH Unicode: U+2F6B UTF-8: E2 BD AB;plate, bowl;さら;;FALSE;FALSE
5;109;⺫;⽬;KANGXI RADICAL EYE Unicode: U+2F6C UTF-8: E2 BD AC;eye;め;;FALSE;FALSE
5;110;;⽭;KANGXI RADICAL SPEAR Unicode: U+2F6D UTF-8: E2 BD AD;halberd;ほこ;;FALSE;FALSE
5;111;;⽮;KANGXI RADICAL ARROW Unicode: U+2F6E UTF-8: E2 BD AE;arrow;や;;FALSE;FALSE
5;112;;⽯;KANGXI RADICAL STONE Unicode: U+2F6F UTF-8: E2 BD AF;stone;いし;;FALSE;FALSE
5;113;礻;⽰;KANGXI RADICAL SPIRIT Unicode: U+2F70 UTF-8: E2 BD B0;altar, festival, religious service;しめす;;FALSE;FALSE
5;114;;⽱;KANGXI RADICAL TRACK Unicode: U+2F71 UTF-8: E2 BD B1;footprint;じゅうのあし;;FALSE;FALSE
5;115;;⽲;KANGXI RADICAL GRAIN Unicode: U+2F72 UTF-8: E2 BD B2;grain;のぎへん;へん;FALSE;FALSE
5;116;;⽳;KANGXI RADICAL CAVE Unicode: U+2F73 UTF-8: E2 BD B3;hole, cave;あな;;FALSE;FALSE
5;117;;⽴;KANGXI RADICAL STAND Unicode: U+2F74 UTF-8: E2 BD B4;to stand;たつ;;FALSE;FALSE
6;118;⺮;⽵;KANGXI RADICAL BAMBOO Unicode: U+2F75 UTF-8: E2 BD B5;bamboo;たけ;;FALSE;FALSE
6;119;;⽶;KANGXI RADICAL RICE Unicode: U+2F76 UTF-8: E2 BD B6;rice;こめ;;FALSE;FALSE
6;120;糹;⽷;KANGXI RADICAL SILK Unicode: U+2F77 UTF-8: E2 BD B7;thread;いと;;FALSE;FALSE
6;121;;⽸;KANGXI RADICAL JAR Unicode: U+2F78 UTF-8: E2 BD B8;earthen jar;みずがめ;;FALSE;FALSE
6;122;⺲、罓、⺳;⽹;KANGXI RADICAL NET Unicode: U+2F79 UTF-8: E2 BD B9;net;あみめ;;FALSE;FALSE
6;123;⺶、⺷;⽺;KANGXI RADICAL SHEEP Unicode: U+2F7A UTF-8: E2 BD BA;sheep;ひつじ;;FALSE;FALSE
6;124;;⽻;KANGXI RADICAL FEATHER Unicode: U+2F7B UTF-8: E2 BD BB;feather, wing;はね;;FALSE;FALSE
6;125;耂;⽼;KANGXI RADICAL OLD Unicode: U+2F7C UTF-8: E2 BD BC;old, old-age;おいかんむり;;FALSE;FALSE
6;126;;⽽;KANGXI RADICAL AND Unicode: U+2F7D UTF-8: E2 BD BD;and also;しこうして;;FALSE;FALSE
6;127;;⽾;KANGXI RADICAL PLOW Unicode: U+2F7E UTF-8: E2 BD BE;plow;らいすき;へん;FALSE;FALSE
6;128;;⽿;KANGXI RADICAL EAR Unicode: U+2F7F UTF-8: E2 BD BF;ear;みみ;;FALSE;FALSE
6;129;⺺、⺻;⾀;KANGXI RADICAL BRUSH Unicode: U+2F80 UTF-8: E2 BE 80;writing brush;ふでづくり;;FALSE;FALSE
6;130;⺼;⾁;KANGXI RADICAL MEAT Unicode: U+2F81 UTF-8: E2 BE 81;flesh, meat;にく;;FALSE;FALSE
6;131;;⾂;KANGXI RADICAL MINISTER Unicode: U+2F82 UTF-8: E2 BE 82;retainer, minister;しん;;FALSE;FALSE
6;132;;⾃;KANGXI RADICAL SELF Unicode: U+2F83 UTF-8: E2 BE 83;self;みずから;;FALSE;FALSE
6;133;;⾄;KANGXI RADICAL ARRIVE Unicode: U+2F84 UTF-8: E2 BE 84;to arrive, reach;いたる;;FALSE;FALSE
6;134;;⾅;KANGXI RADICAL MORTAR Unicode: U+2F85 UTF-8: E2 BE 85;mortar, quern;うす;;FALSE;FALSE
6;135;;⾆;KANGXI RADICAL TONGUE Unicode: U+2F86 UTF-8: E2 BE 86;tongue;した;;FALSE;FALSE
6;136;;⾇;KANGXI RADICAL OPPOSE Unicode: U+2F87 UTF-8: E2 BE 87;contrary, to err;まいあし;;FALSE;FALSE
6;137;;⾈;KANGXI RADICAL BOAT Unicode: U+2F88 UTF-8: E2 BE 88;ship, boat;ふね;;FALSE;FALSE
6;138;;⾉;KANGXI RADICAL STOPPING Unicode: U+2F89 UTF-8: E2 BE 89;boundary;こん;;FALSE;FALSE
6;139;;⾊;KANGXI RADICAL COLOR Unicode: U+2F8A UTF-8: E2 BE 8A;color;いろ;;FALSE;FALSE
6;140;⺿;⾋;KANGXI RADICAL GRASS Unicode: U+2F8B UTF-8: E2 BE 8B;grass, plant;くさ;;FALSE;TRUE
6;141;;⾌;KANGXI RADICAL TIGER Unicode: U+2F8C UTF-8: E2 BE 8C;tiger;とらがしら;かんむり;FALSE;FALSE
6;142;;⾍;KANGXI RADICAL INSECT Unicode: U+2F8D UTF-8: E2 BE 8D;worm, insect, bug;むし;;FALSE;FALSE
6;143;;⾎;KANGXI RADICAL BLOOD Unicode: U+2F8E UTF-8: E2 BE 8E;blood;ち;;FALSE;FALSE
6;144;;⾏;KANGXI RADICAL WALK ENCLOSURE Unicode: U+2F8F UTF-8: E2 BE 8F;to go;ぎょうがまえ;かまえ, ぎょうがまえ;FALSE;FALSE
6;145;⻂;⾐;KANGXI RADICAL CLOTHES Unicode: U+2F90 UTF-8: E2 BE 90;clothing;ころも;;FALSE;FALSE
6;146;西、覀;⾑;KANGXI RADICAL WEST Unicode: U+2F91 UTF-8: E2 BE 91;cover, west;にし;;FALSE;FALSE
7;147;見;⾒;KANGXI RADICAL SEE Unicode: U+2F92 UTF-8: E2 BE 92;to see;みる;;FALSE;FALSE
7;148;⻇;⾓;KANGXI RADICAL HORN Unicode: U+2F93 UTF-8: E2 BE 93;horn, corner;つの;;FALSE;FALSE
7;149;訁;⾔;KANGXI RADICAL SPEECH Unicode: U+2F94 UTF-8: E2 BE 94;words, to speak, say;げん;;FALSE;FALSE
7;150;;⾕;KANGXI RADICAL VALLEY Unicode: U+2F95 UTF-8: E2 BE 95;valley;たに;;FALSE;FALSE
7;151;;⾖;KANGXI RADICAL BEAN Unicode: U+2F96 UTF-8: E2 BE 96;bean;まめ;;FALSE;FALSE
7;152;;⾗;KANGXI RADICAL PIG Unicode: U+2F97 UTF-8: E2 BE 97;pig;いのこ;;FALSE;FALSE
7;153;;⾘;KANGXI RADICAL BADGER Unicode: U+2F98 UTF-8: E2 BE 98;badger;むじなへん;へん;FALSE;FALSE
7;154;;⾙;KANGXI RADICAL SHELL Unicode: U+2F99 UTF-8: E2 BE 99;shell, property, wealth;かい;;FALSE;FALSE
7;155;;⾚;KANGXI RADICAL RED Unicode: U+2F9A UTF-8: E2 BE 9A;red;あか;;FALSE;FALSE
7;156;;⾛;KANGXI RADICAL RUN Unicode: U+2F9B UTF-8: E2 BE 9B;to run;はしる;;FALSE;FALSE
7;157;⻊;⾜;KANGXI RADICAL FOOT Unicode: U+2F9C UTF-8: E2 BE 9C;foot, leg;あし;;FALSE;FALSE
7;158;;⾝;KANGXI RADICAL BODY Unicode: U+2F9D UTF-8: E2 BE 9D;body;み;;FALSE;FALSE
7;159;;⾞;KANGXI RADICAL CART Unicode: U+2F9E UTF-8: E2 BE 9E;vehicle, wheel, car;くるま;;FALSE;FALSE
7;160;;⾟;KANGXI RADICAL BITTER Unicode: U+2F9F UTF-8: E2 BE 9F;bitter;からい;;FALSE;FALSE
7;161;;⾠;KANGXI RADICAL MORNING Unicode: U+2FA0 UTF-8: E2 BE A0;Fifth zodiac sign, 7–9 A.M.;しんのたつ;;FALSE;FALSE
7;162;⻌、⻍、⻎;⾡;KANGXI RADICAL WALK Unicode: U+2FA1 UTF-8: E2 BE A1;to advance, move ahead;しんにょう;;FALSE;FALSE
7;163;⻏;⾢;KANGXI RADICAL CITY Unicode: U+2FA2 UTF-8: E2 BE A2;community;むら;;FALSE;FALSE
7;164;;⾣;KANGXI RADICAL WINE Unicode: U+2FA3 UTF-8: E2 BE A3;sake jar, bird;ひよみのとり;;FALSE;FALSE
7;165;;⾤;KANGXI RADICAL DISTINGUISH Unicode: U+2FA4 UTF-8: E2 BE A4;to separate;のごめ;;FALSE;FALSE
7;166;;⾥;KANGXI RADICAL VILLAGE Unicode: U+2FA5 UTF-8: E2 BE A5;village, (3.93 km);さと;;FALSE;FALSE
8;167;釒;⾦;KANGXI RADICAL GOLD Unicode: U+2FA6 UTF-8: E2 BE A6;metal, gold, mineral;かね;;FALSE;FALSE
8;168;镸;⾧;KANGXI RADICAL LONG Unicode: U+2FA7;long;ながい;;FALSE;FALSE
8;169;;⾨;KANGXI RADICAL GATE Unicode: U+2FA8 UTF-8: E2 BE A8;gate, door;もんがまえ;かまえ, もんがまえ;FALSE;FALSE
8;170;⻖;⾩;KANGXI RADICAL MOUND Unicode: U+2FA9 UTF-8: E2 BE A9;hill;こざと;;FALSE;FALSE
8;171;;⾪;KANGXI RADICAL SLAVE Unicode: U+2FAA UTF-8: E2 BE AA;to capture;れいづくり;つくり;FALSE;FALSE
8;172;;⾫;KANGXI RADICAL SHORT TAILED BIRD Unicode: U+2FAB UTF-8: E2 BE AB;small bird;ふるとり;;FALSE;FALSE
8;173;;⾬;KANGXI RADICAL RAIN Unicode: U+2FAC UTF-8: E2 BE AC;rain;あめ;;FALSE;FALSE
8;174;"青 ";⾭;KANGXI RADICAL BLUE Unicode: U+2FAD UTF-8: E2 BE AD;blue, green;あお;;FALSE;FALSE
8;175;;⾮;KANGXI RADICAL WRONG Unicode: U+2FAE UTF-8: E2 BE AE;wrong, non-;あらず;;FALSE;FALSE
9;176;靣;⾯;KANGXI RADICAL FACE Unicode: U+2FAF UTF-8: E2 BE AF;face, surface;めん;;FALSE;FALSE
9;177;;⾰;KANGXI RADICAL LEATHER Unicode: U+2FB0 UTF-8: E2 BE B0;leather;つくりがわ;;FALSE;FALSE
9;178;;⾱;KANGXI RADICAL TANNED LEATHER Unicode: U+2FB1 UTF-8: E2 BE B1;leather;なめしがわ;;FALSE;FALSE
9;179;;⾲;KANGXI RADICAL LEEK Unicode: U+2FB2 UTF-8: E2 BE B2;leek;にら;;FALSE;FALSE
9;180;;⾳;KANGXI RADICAL SOUND Unicode: U+2FB3 UTF-8: E2 BE B3;sound, noise;おと;;FALSE;FALSE
9;181;;⾴;KANGXI RADICAL LEAF Unicode: U+2FB4 UTF-8: E2 BE B4;head, page;おおがい;つくり;FALSE;FALSE
9;182;;⾵;KANGXI RADICAL WIND Unicode: U+2FB5 UTF-8: E2 BE B5;wind;かぜ;;FALSE;FALSE
9;183;;⾶;KANGXI RADICAL FLY Unicode: U+2FB6 UTF-8: E2 BE B6;to fly;とぶ;;FALSE;FALSE
9;184;飠;⾷;KANGXI RADICAL EAT Unicode: U+2FB7 UTF-8: E2 BE B7;food, to eat;しょく;;FALSE;FALSE
9;185;;⾸;KANGXI RADICAL HEAD Unicode: U+2FB8 UTF-8: E2 BE B8;head;くび;;FALSE;FALSE
9;186;;⾹;KANGXI RADICAL FRAGRANT Unicode: U+2FB9 UTF-8: E2 BE B9;scent;かおり;;FALSE;FALSE
10;187;;⾺;KANGXI RADICAL HORSE Unicode: U+2FBA UTF-8: E2 BE BA;horse;うま;;FALSE;FALSE
10;188;;⾻;KANGXI RADICAL BONE Unicode: U+2FBB UTF-8: E2 BE BB;bone;ほね;;FALSE;FALSE
10;189;髙;⾼;KANGXI RADICAL TALL Unicode: U+2FBC UTF-8: E2 BE BC;high;たかい;;FALSE;FALSE
10;190;;⾽;KANGXI RADICAL HAIR Unicode: U+2FBD UTF-8: E2 BE BD;long hair;かみかんむり;かんむり;FALSE;FALSE
10;191;;⾾;KANGXI RADICAL FIGHT Unicode: U+2FBE UTF-8: E2 BE BE;fighting;たたかいがまえ;かまえ;FALSE;FALSE
10;192;;⾿;KANGXI RADICAL SACRIFICIAL WINE Unicode: U+2FBF UTF-8: E2 BE BF;herbs;においざけ;;FALSE;FALSE
10;193;;⿀;KANGXI RADICAL CAULDRON Unicode: U+2FC0 UTF-8: E2 BF 80;tripod;れき;;FALSE;FALSE
10;194;;⿁;KANGXI RADICAL GHOST Unicode: U+2FC1 UTF-8: E2 BF 81;demon;おに;;FALSE;FALSE
11;195;;⿂;KANGXI RADICAL FISH Unicode: U+2FC2 UTF-8: E2 BF 82;fish;うお;;FALSE;FALSE
11;196;;⿃;KANGXI RADICAL BIRD Unicode: U+2FC3 UTF-8: E2 BF 83;bird;とり;;FALSE;FALSE
11;197;;⿄;KANGXI RADICAL SALT Unicode: U+2FC4 UTF-8: E2 BF 84;salt;しお;;FALSE;FALSE
11;198;;⿅;KANGXI RADICAL DEER Unicode: U+2FC5 UTF-8: E2 BF 85;deer;しか;;FALSE;FALSE
11;199;;⿆;KANGXI RADICAL WHEAT Unicode: U+2FC6 UTF-8: E2 BF 86;wheat;むぎ;;FALSE;FALSE
11;200;;⿇;KANGXI RADICAL HEMP Unicode: U+2FC7 UTF-8: E2 BF 87;hemp;あさ;;FALSE;FALSE
12;201;;⿈;KANGXI RADICAL YELLOW Unicode: U+2FC8 UTF-8: E2 BF 88;yellow;き;;FALSE;FALSE
12;202;;⿉;KANGXI RADICAL MILLET Unicode: U+2FC9 UTF-8: E2 BF 89;millet;きび;;FALSE;FALSE
12;203;;⿊;KANGXI RADICAL BLACK Unicode: U+2FCA UTF-8: E2 BF 8A;black;くろ;;FALSE;FALSE
12;204;;⿋;KANGXI RADICAL EMBROIDERY Unicode: U+2FCB UTF-8: E2 BF 8B;embroider;ぬいとり;;FALSE;FALSE
13;205;;⿌;KANGXI RADICAL FROG Unicode: U+2FCC UTF-8: E2 BF 8C;frog;かえる;;FALSE;FALSE
13;206;;⿍;KANGXI RADICAL TRIPOD Unicode: U+2FCD UTF-8: E2 BF 8D;tripod;かなえ;;FALSE;FALSE
13;207;;⿎;KANGXI RADICAL DRUM Unicode: U+2FCE UTF-8: E2 BF 8E;drum;つづみ;;FALSE;FALSE
13;208;;⿏;KANGXI RADICAL RAT Unicode: U+2FCF UTF-8: E2 BF 8F;rat, mouse;ねずみ;;FALSE;FALSE
14;209;;⿐;KANGXI RADICAL NOSE Unicode: U+2FD0 UTF-8: E2 BF 90;nose;はな;;FALSE;FALSE
14;210;斉;⿑;KANGXI RADICAL EVEN Unicode: U+2FD1 UTF-8: E2 BF 91;alike;せい;;FALSE;FALSE
15;211;;⿒;KANGXI RADICAL TOOTH Unicode: U+2FD2 UTF-8: E2 BF 92;tooth;は;;FALSE;FALSE
16;212;;⿓;KANGXI RADICAL DRAGON Unicode: U+2FD3 UTF-8: E2 BF 93;dragon;りゅう;;FALSE;FALSE
16;213;;⿔;KANGXI RADICAL TURTLE Unicode: U+2FD4 UTF-8: E2 BF 94;turtle;かめ;;FALSE;FALSE
17;214;;⿕;KANGXI RADICAL FLUTE Unicode: U+2FD5 UTF-8: E2 BF 95;flute;やく;;FALSE;FALSE